Tiempo_s,Tx_X,Tx_Y,Tx_Z,Rx_X,Rx_Y,Rx_Z,Pot_W,Pot_dBm,delta_xy_m,delta_z_m,costo_J
0.000000,165.527,0.000,131.446,57.006,44.911,131.446,1.340541e-07,-38.727,0.313434,1.228973,4.686611
0.375000,165.245,7.495,131.296,62.006,39.675,131.296,1.502938e-07,-38.231,0.303031,1.227349,4.647278
0.750000,164.625,14.969,131.146,65.868,37.294,131.146,1.470783e-07,-38.325,0.292922,1.224720,4.649153
1.125000,163.666,22.408,130.997,71.191,34.372,130.997,1.564754e-07,-38.056,0.280480,1.221334,4.624308
1.500000,162.371,29.795,130.847,77.522,32.378,130.847,2.006382e-07,-36.976,0.266461,1.217851,4.541679
1.875000,160.741,37.116,130.697,81.490,31.688,130.697,2.179505e-07,-36.616,0.258099,1.216218,4.512189
2.250000,158.780,44.356,130.548,82.986,33.125,130.548,2.639214e-07,-35.785,0.253795,1.215459,4.451735
2.625000,156.493,51.499,130.398,82.412,34.432,130.398,2.823371e-07,-35.492,0.253495,1.215139,4.431041
3.000000,153.882,58.530,130.249,79.967,34.659,130.249,2.618230e-07,-35.820,0.257456,1.215288,4.456009
3.375000,150.954,65.435,130.099,75.705,37.198,130.099,2.525086e-07,-35.977,0.263192,1.215950,4.469963
3.750000,147.714,72.199,129.949,68.264,41.871,129.949,2.346178e-07,-36.296,0.273149,1.218000,4.497362
4.125000,144.170,78.809,129.800,63.463,44.187,129.800,2.225703e-07,-36.525,0.280077,1.219777,4.516840
4.500000,140.327,85.250,129.650,57.141,49.351,129.650,2.219584e-07,-36.537,0.285426,1.221094,4.520283
4.875000,136.194,91.509,129.500,54.462,51.552,129.500,2.315223e-07,-36.354,0.286629,1.221221,4.508019
5.250000,131.780,97.572,129.351,52.796,53.114,129.351,2.333555e-07,-36.320,0.286496,1.220938,4.505531
5.625000,127.093,103.427,129.201,54.298,54.369,129.201,2.447229e-07,-36.113,0.280403,1.218692,4.488031
6.000000,122.143,109.062,129.051,59.257,60.040,129.051,2.779252e-07,-35.561,0.261741,1.213495,4.439824
6.375000,116.940,114.464,128.902,62.545,64.018,128.902,3.065500e-07,-35.135,0.250994,1.211836,4.404381
6.750000,111.495,119.622,128.752,57.757,60.971,128.752,2.744595e-07,-35.615,0.262001,1.212945,4.443709
7.125000,105.819,124.525,128.602,51.199,57.750,128.602,2.494494e-07,-36.030,0.278187,1.216873,4.480987
7.500000,99.925,129.163,128.453,45.566,58.405,128.453,2.320981e-07,-36.343,0.286529,1.219444,4.507029
7.875000,93.824,133.525,128.303,43.198,59.778,128.303,2.255449e-07,-36.468,0.287228,1.219397,4.516048
8.250000,87.528,137.602,128.154,39.193,62.931,128.154,2.192303e-07,-36.591,0.285855,1.218593,4.523971
8.625000,81.052,141.385,128.004,36.591,66.604,128.004,2.275705e-07,-36.429,0.280407,1.216380,4.509876
9.000000,74.409,144.866,127.854,32.100,73.157,127.854,2.412002e-07,-36.176,0.270250,1.212952,4.487018
9.375000,67.613,148.038,127.705,30.565,79.004,127.705,2.645835e-07,-35.774,0.259063,1.210197,4.453085
9.750000,60.677,150.894,127.555,28.824,82.084,127.555,2.731832e-07,-35.635,0.254100,1.209218,4.440735
10.125000,53.618,153.426,127.405,28.999,83.911,127.405,2.828970e-07,-35.484,0.250370,1.208605,4.428120
10.500000,46.449,155.631,127.256,27.350,83.132,127.256,2.611104e-07,-35.832,0.252634,1.208439,4.453638
10.875000,39.186,157.502,127.106,24.572,80.577,127.106,2.113063e-07,-36.751,0.259193,1.208947,4.521370
11.250000,31.844,159.035,126.956,20.247,75.391,126.956,1.797836e-07,-37.452,0.273424,1.211963,4.577773
11.625000,24.439,160.228,126.807,10.772,72.873,126.807,1.604403e-07,-37.947,0.284962,1.215518,4.618145
12.000000,16.987,161.076,126.657,-14.197,68.041,126.657,1.496479e-07,-38.249,0.301158,1.220114,4.647009
12.375000,9.504,161.579,126.508,-47.691,51.015,126.508,1.370646e-07,-38.631,0.322289,1.219259,4.682455
12.750000,2.005,161.735,126.358,-47.263,51.875,126.358,1.459893e-07,-38.357,0.316914,1.218396,4.660994
13.125000,-5.492,161.543,126.208,-46.500,52.937,126.208,1.474665e-07,-38.313,0.311852,1.217619,4.655753
13.500000,-12.973,161.003,126.059,-38.372,61.650,126.059,1.579494e-07,-38.015,0.295094,1.214636,4.627360
13.875000,-20.421,160.117,125.909,-35.046,66.491,125.909,1.688937e-07,-37.724,0.283799,1.211650,4.601587
14.250000,-27.819,158.886,125.759,-31.044,74.372,125.759,2.082736e-07,-36.814,0.266939,1.207300,4.529424
14.625000,-35.152,157.312,125.610,-31.620,79.575,125.610,2.432231e-07,-36.140,0.254926,1.205011,4.476018
15.000000,-42.404,155.399,125.460,-32.823,81.551,125.460,2.925770e-07,-35.338,0.249865,1.204311,4.417165
15.375000,-49.559,153.150,125.310,-32.521,81.861,125.310,2.992700e-07,-35.239,0.249042,1.203958,4.409821
15.750000,-56.602,150.570,125.161,-34.122,79.328,125.161,2.989443e-07,-35.244,0.252120,1.203819,4.411737
16.125000,-63.517,147.666,125.011,-36.316,73.836,125.011,2.866924e-07,-35.426,0.260433,1.204632,4.428774
16.500000,-70.289,144.441,124.862,-39.757,67.152,124.862,2.440263e-07,-36.126,0.270302,1.206585,4.482817
16.875000,-76.902,140.905,124.712,-44.978,59.307,124.712,2.420451e-07,-36.161,0.280077,1.209125,4.490197
17.250000,-83.344,137.063,124.562,-49.428,53.848,124.562,2.465015e-07,-36.082,0.284195,1.210044,4.486652
17.625000,-89.599,132.924,124.413,-50.965,51.843,124.413,2.590996e-07,-35.865,0.284920,1.210049,4.471831
18.000000,-95.653,128.497,124.263,-51.345,51.362,124.263,2.565632e-07,-35.908,0.284430,1.209716,4.474562
18.375000,-101.494,123.792,124.113,-52.938,52.518,124.113,2.772634e-07,-35.571,0.278302,1.207381,4.447884
18.750000,-107.108,118.819,123.964,-58.246,57.219,123.964,3.124371e-07,-35.052,0.260348,1.202300,4.402336
19.125000,-112.482,113.587,123.814,-62.081,60.475,123.814,3.429164e-07,-34.648,0.249622,1.200643,4.368377
19.500000,-117.606,108.110,123.664,-58.215,54.570,123.664,3.011895e-07,-35.212,0.264016,1.202426,4.415319
19.875000,-122.466,102.398,123.515,-54.515,48.761,123.515,2.623701e-07,-35.811,0.280968,1.207119,4.465882
20.250000,-127.053,96.464,123.365,-54.825,46.082,123.365,2.583913e-07,-35.877,0.285187,1.208320,4.472599
20.625000,-131.356,90.321,123.215,-56.764,43.381,123.215,2.446084e-07,-36.115,0.285457,1.208098,4.489363
21.000000,-135.366,83.983,123.066,-60.107,40.100,123.066,2.399037e-07,-36.200,0.282751,1.206789,4.493885
21.375000,-139.073,77.463,122.916,-64.737,35.233,122.916,2.366884e-07,-36.258,0.278345,1.204918,4.495738
21.750000,-142.468,70.775,122.767,-71.987,31.061,122.767,2.469730e-07,-36.074,0.266040,1.200890,4.476480
22.125000,-145.545,63.935,122.617,-77.383,30.253,122.617,2.878126e-07,-35.409,0.255226,1.198456,4.424287
22.500000,-148.295,56.957,122.467,-81.395,28.916,122.467,3.120833e-07,-35.057,0.248364,1.197520,4.396022
22.875000,-150.713,49.858,122.318,-82.713,27.377,122.318,3.040978e-07,-35.170,0.246725,1.197136,4.402998
23.250000,-152.793,42.652,122.168,-81.285,26.416,122.168,2.732564e-07,-35.634,0.249756,1.196897,4.437073
23.625000,-154.531,35.356,122.018,-77.102,22.931,122.018,2.245999e-07,-36.486,0.260200,1.197898,4.502131
24.000000,-155.921,27.986,121.869,-72.245,14.472,121.869,1.825088e-07,-37.387,0.276679,1.202042,4.573670
24.375000,-156.961,20.558,121.719,-68.505,-0.946,121.719,1.678651e-07,-37.750,0.292583,1.207409,4.606959
24.750000,-157.648,13.089,121.569,-46.162,-49.981,121.569,1.601732e-07,-37.954,0.326127,1.207609,4.635381
25.125000,-157.980,5.597,121.420,-45.289,-50.596,121.420,1.503234e-07,-38.230,0.323831,1.207350,4.653727
25.500000,-157.956,-1.904,121.270,-4.295,76.096,121.270,6.907084e-08,-41.607,0.372263,1.198332,4.907322
25.875000,-157.577,-9.394,121.121,-0.665,76.963,121.121,7.408445e-08,-41.303,0.387425,1.197419,4.891121
26.250000,-156.842,-16.858,120.971,-0.861,76.879,120.971,8.752392e-08,-40.579,0.396868,1.197069,4.843541
26.625000,-155.753,-24.279,120.821,5.916,78.317,120.821,8.970601e-08,-40.472,0.422728,1.195695,4.844129
27.000000,-154.313,-31.639,120.672,-73.757,-31.707,120.672,2.475777e-07,-36.063,0.259764,1.194497,4.471931
27.375000,-152.524,-38.923,120.522,-78.563,-31.467,120.522,2.903581e-07,-35.371,0.249619,1.193031,4.418125
27.750000,-150.390,-46.113,120.372,-80.137,-31.667,120.372,3.356777e-07,-34.741,0.246106,1.192586,4.372138
28.125000,-147.916,-53.193,120.223,-77.721,-33.621,120.223,3.346136e-07,-34.755,0.248692,1.192299,4.374434
28.500000,-145.107,-60.147,120.073,-72.491,-34.848,120.073,3.036084e-07,-35.177,0.257297,1.192892,4.408491
28.875000,-141.969,-66.960,119.923,-65.460,-38.602,119.923,2.771028e-07,-35.574,0.267703,1.194814,4.441637
29.250000,-138.509,-73.614,119.774,-57.435,-43.814,119.774,2.754718e-07,-35.599,0.278080,1.197490,4.448678
29.625000,-134.736,-80.096,119.624,-52.494,-47.784,119.624,2.791323e-07,-35.542,0.281930,1.198334,4.446548
30.000000,-130.656,-86.389,119.475,-51.222,-48.250,119.475,2.780205e-07,-35.559,0.283088,1.198570,4.448322
30.375000,-126.280,-92.481,119.325,-50.010,-49.691,119.325,2.886952e-07,-35.396,0.282196,1.197988,4.436393
30.750000,-121.618,-98.355,119.175,-49.889,-51.032,119.175,3.059157e-07,-35.144,0.279087,1.196631,4.417189
31.125000,-116.679,-104.000,119.026,-53.110,-54.786,119.026,3.347120e-07,-34.753,0.265402,1.192145,4.382800
31.500000,-111.475,-109.401,118.876,-58.942,-60.072,118.876,3.773034e-07,-34.233,0.247738,1.189052,4.337075
31.875000,-106.017,-114.545,118.726,-53.612,-55.956,118.726,3.357775e-07,-34.739,0.261892,1.190639,4.379934
32.250000,-100.319,-119.422,118.577,-46.830,-52.781,118.577,2.918855e-07,-35.348,0.279936,1.195722,4.431758
32.625000,-94.394,-124.020,118.427,-44.898,-53.224,118.427,2.888771e-07,-35.393,0.282497,1.196309,4.436158
33.000000,-88.253,-128.327,118.277,-42.476,-54.895,118.277,2.782637e-07,-35.555,0.282928,1.196120,4.447716
33.375000,-81.913,-132.333,118.128,-39.601,-57.376,118.128,2.626414e-07,-35.806,0.281718,1.195324,4.464636
33.750000,-75.387,-136.029,117.978,-34.887,-62.576,117.978,2.655536e-07,-35.758,0.275772,1.192865,4.458236
34.125000,-68.690,-139.407,117.828,-30.649,-69.912,117.828,2.771954e-07,-35.572,0.263328,1.188824,4.438734
34.500000,-61.839,-142.457,117.679,-28.552,-76.338,117.679,3.080753e-07,-35.113,0.251488,1.186406,4.400366
34.875000,-54.848,-145.173,117.529,-28.872,-79.530,117.529,3.447213e-07,-34.625,0.245003,1.185732,4.362720
35.250000,-47.734,-147.549,117.380,-27.380,-80.501,117.380,3.313682e-07,-34.797,0.244003,1.185378,4.374158
35.625000,-40.513,-149.577,117.230,-25.464,-78.806,117.230,2.720808e-07,-35.653,0.248150,1.185065,4.436248
36.000000,-33.203,-151.254,117.080,-21.509,-73.287,117.080,2.374458e-07,-36.244,0.262139,1.186725,4.484969
36.375000,-25.820,-152.575,116.931,-13.528,-68.719,116.931,1.863059e-07,-37.298,0.278593,1.191389,4.567148
36.750000,-18.382,-153.537,116.781,28.839,-57.933,116.781,1.717152e-07,-37.652,0.308233,1.197845,4.605818
37.125000,-10.906,-154.137,116.631,49.013,-43.895,116.631,1.697366e-07,-37.702,0.324407,1.195765,4.615778
37.500000,-3.409,-154.373,116.482,60.102,-29.945,116.482,1.672002e-07,-37.768,0.339415,1.193443,4.625994
37.875000,4.090,-154.245,116.332,52.316,-39.973,116.332,1.625671e-07,-37.890,0.322110,1.194763,4.627863
38.250000,11.574,-153.753,116.182,44.594,-49.540,116.182,1.748064e-07,-37.574,0.303936,1.193166,4.598055
38.625000,19.025,-152.898,116.033,34.476,-60.160,116.033,1.807181e-07,-37.430,0.284622,1.189431,4.578981
39.000000,26.425,-151.681,115.883,31.650,-68.343,115.883,2.234164e-07,-36.509,0.264925,1.183973,4.504559
39.375000,33.758,-150.106,115.734,30.835,-74.003,115.734,2.927712e-07,-35.335,0.252323,1.181611,4.415760
39.750000,41.005,-148.175,115.584,30.859,-78.613,115.584,3.311259e-07,-34.800,0.242955,1.180943,4.373331
40.125000,48.150,-145.892,115.434,31.630,-78.099,115.434,3.749946e-07,-34.260,0.242915,1.180558,4.335445
40.500000,55.174,-143.264,115.285,32.956,-75.123,115.285,3.603221e-07,-34.433,0.246953,1.180172,4.349684
40.875000,62.062,-140.296,115.135,35.309,-66.878,115.135,3.050393e-07,-35.156,0.260881,1.181675,4.407633
41.250000,68.797,-136.995,114.985,40.888,-58.434,114.985,2.910578e-07,-35.360,0.272286,1.184299,4.427760
41.625000,75.362,-133.369,114.836,44.310,-53.137,114.836,2.952756e-07,-35.298,0.278506,1.185931,4.426509
42.000000,81.741,-129.425,114.686,46.774,-50.278,114.686,3.084860e-07,-35.108,0.279844,1.186032,4.413839
42.375000,87.920,-125.174,114.536,47.935,-48.889,114.536,3.269589e-07,-34.855,0.279904,1.185794,4.396160
42.750000,93.883,-120.625,114.387,48.747,-48.216,114.387,3.419265e-07,-34.661,0.279002,1.185221,4.382069
43.125000,99.616,-115.789,114.237,50.493,-50.039,114.237,3.538266e-07,-34.512,0.271139,1.182249,4.367617
43.500000,105.105,-110.678,114.088,57.101,-56.164,114.088,4.094999e-07,-33.877,0.249158,1.177254,4.311626
43.875000,110.336,-105.303,113.938,56.032,-53.902,113.938,3.969991e-07,-34.012,0.253950,1.177407,4.323550
44.250000,115.296,-99.677,113.788,51.460,-46.358,113.788,3.449148e-07,-34.623,0.275315,1.182616,4.377404
44.625000,119.974,-93.815,113.639,51.043,-44.257,113.639,3.294142e-07,-34.823,0.280199,1.184027,4.393829
45.000000,124.357,-87.729,113.489,51.975,-42.455,113.489,3.134115e-07,-35.039,0.281391,1.184088,4.409528
45.375000,128.435,-81.435,113.339,54.263,-39.398,113.339,3.002529e-07,-35.225,0.281246,1.183677,4.422455
45.750000,132.198,-74.947,113.190,59.109,-34.893,113.190,2.896690e-07,-35.381,0.276064,1.181399,4.430691
46.125000,135.637,-68.281,113.040,65.880,-30.629,113.040,2.991246e-07,-35.241,0.264778,1.177411,4.415047
46.500000,138.742,-61.454,112.890,72.862,-27.958,112.890,3.288387e-07,-34.830,0.251799,1.174424,4.379376
46.875000,141.506,-54.482,112.741,78.032,-28.330,112.741,3.850572e-07,-34.145,0.241420,1.173683,4.325830
47.250000,143.922,-47.382,112.591,79.017,-27.168,112.591,3.789868e-07,-34.214,0.240196,1.173377,4.329964
47.625000,145.983,-40.171,112.441,77.008,-25.193,112.441,3.067843e-07,-35.132,0.244914,1.172811,4.396689
48.000000,147.685,-32.866,112.292,72.262,-20.554,112.292,2.430907e-07,-36.142,0.257524,1.173771,4.474083
48.375000,149.023,-25.487,112.142,65.291,-10.609,112.142,2.022795e-07,-36.940,0.281746,1.180951,4.542460
48.750000,149.994,-18.050,111.993,37.224,52.407,111.993,1.914308e-07,-37.180,0.334542,1.182985,4.581821
49.125000,150.594,-10.574,111.843,30.504,56.561,111.843,1.843685e-07,-37.343,0.341963,1.182515,4.596055
49.500000,150.822,-3.077,111.693,27.542,58.956,111.693,1.885149e-07,-37.247,0.339296,1.180888,4.588094
49.875000,150.678,4.422,111.544,35.521,52.980,111.544,1.830561e-07,-37.374,0.324316,1.182213,4.591290
50.250000,150.160,11.904,111.394,43.984,47.726,111.394,1.936882e-07,-37.129,0.305391,1.180127,4.566063
50.625000,149.271,19.351,111.244,57.950,34.204,111.244,2.037400e-07,-36.909,0.282310,1.176674,4.540061
51.000000,148.012,26.745,111.095,65.908,32.239,111.095,2.484342e-07,-36.048,0.262236,1.171140,4.469542
51.375000,146.386,34.066,110.945,73.557,29.464,110.945,3.001459e-07,-35.227,0.247001,1.168877,4.404008
51.750000,144.397,41.298,110.795,77.568,30.399,110.795,3.879311e-07,-34.112,0.238442,1.168792,4.321408
52.125000,142.050,48.421,110.646,76.393,31.182,110.646,4.278823e-07,-33.687,0.239547,1.168250,4.292151
52.500000,139.349,55.418,110.496,71.723,32.816,110.496,3.900894e-07,-34.088,0.246454,1.167677,4.323903
52.875000,136.302,62.271,110.347,62.171,35.987,110.347,3.304329e-07,-34.809,0.262668,1.169805,4.382898
53.250000,132.916,68.963,110.197,54.672,41.255,110.197,3.149775e-07,-35.017,0.272118,1.172046,4.402315
53.625000,129.200,75.478,110.047,49.704,44.560,110.047,3.337780e-07,-34.765,0.277410,1.173375,4.387347
54.000000,125.161,81.798,109.898,47.424,46.322,109.898,3.561232e-07,-34.484,0.278440,1.173411,4.368134
54.375000,120.811,87.907,109.748,46.705,47.311,109.748,3.700462e-07,-34.317,0.277191,1.172700,4.355810
54.750000,116.160,93.791,109.598,47.132,47.174,109.598,3.847906e-07,-34.148,0.275773,1.171975,4.343184
55.125000,111.219,99.433,109.449,49.372,50.391,109.449,4.149739e-07,-33.820,0.264351,1.167916,4.314263
55.500000,106.000,104.820,109.299,54.718,56.119,109.299,4.717903e-07,-33.263,0.245636,1.164401,4.265294
55.875000,100.518,109.938,109.149,47.725,51.337,109.149,4.088729e-07,-33.884,0.264902,1.167313,4.318970
56.250000,94.785,114.774,109.000,43.057,49.647,109.000,3.711738e-07,-34.304,0.277247,1.171101,4.354734
56.625000,88.816,119.314,108.850,42.311,49.625,108.850,3.451088e-07,-34.620,0.278667,1.171208,4.377547
57.000000,82.625,123.548,108.701,40.675,50.404,108.701,3.286865e-07,-34.832,0.279923,1.171262,4.392961
57.375000,76.229,127.465,108.551,37.581,53.323,108.551,3.100363e-07,-35.086,0.278082,1.170171,4.409738
57.750000,69.643,131.053,108.401,31.999,59.200,108.401,3.130942e-07,-35.043,0.271395,1.167373,4.403271
58.125000,62.884,134.304,108.252,30.289,65.867,108.252,3.515084e-07,-34.541,0.257241,1.162977,4.360618
58.500000,55.970,137.210,108.102,28.394,74.389,108.102,3.987357e-07,-33.993,0.241377,1.161120,4.313792
58.875000,48.917,139.761,107.952,26.807,77.785,107.952,4.254310e-07,-33.712,0.236142,1.161237,4.291248
59.250000,41.744,141.953,107.803,25.429,76.619,107.803,3.654444e-07,-34.372,0.238837,1.160467,4.338845
59.625000,34.470,143.778,107.653,20.764,70.231,107.653,2.724890e-07,-35.647,0.254567,1.160803,4.436424
60.000000,27.112,145.232,107.503,18.168,63.792,107.503,2.280925e-07,-36.419,0.272897,1.165381,4.500062
60.375000,19.690,146.311,107.354,-56.998,26.553,107.354,2.108732e-07,-36.760,0.351611,1.169169,4.557367
60.750000,12.223,147.012,107.204,-61.605,18.162,107.204,1.986088e-07,-37.020,0.359219,1.166823,4.578110
61.125000,4.730,147.332,107.054,-61.607,16.337,107.054,2.049235e-07,-36.884,0.357500,1.166941,4.567983
61.500000,-2.770,147.271,106.905,-58.377,24.025,106.905,1.951358e-07,-37.097,0.336722,1.167243,4.575094
61.875000,-10.257,146.828,106.755,-55.028,29.148,106.755,2.039341e-07,-36.905,0.324964,1.167940,4.557134
62.250000,-17.712,146.004,106.606,-38.677,49.626,106.606,2.190875e-07,-36.594,0.292262,1.166481,4.521362
62.625000,-25.115,144.801,106.456,-31.518,61.729,106.456,2.480114e-07,-36.055,0.265332,1.159243,4.470259
63.000000,-32.447,143.223,106.306,-29.083,69.777,106.306,3.194845e-07,-34.956,0.247914,1.156112,4.384075
63.375000,-39.688,141.272,106.157,-29.894,74.980,106.157,4.216408e-07,-33.751,0.236817,1.156065,4.293759
63.750000,-46.821,138.953,106.007,-30.496,75.107,106.007,4.712822e-07,-33.267,0.235754,1.155767,4.259302
64.125000,-53.826,136.273,105.857,-31.602,70.739,105.857,4.123680e-07,-33.847,0.242419,1.154718,4.303413
64.500000,-60.684,133.239,105.708,-35.693,60.136,105.708,3.734520e-07,-34.278,0.259815,1.156393,4.342767
64.875000,-67.379,129.856,105.558,-41.299,51.200,105.558,3.519976e-07,-34.535,0.272008,1.159338,4.367060
65.250000,-73.891,126.136,105.408,-43.837,47.416,105.408,3.783842e-07,-34.221,0.275622,1.160148,4.346895
65.625000,-80.203,122.086,105.259,-44.510,46.519,105.259,3.994259e-07,-33.986,0.275465,1.159850,4.330335
66.000000,-86.300,117.718,105.109,-45.282,46.293,105.109,4.134852e-07,-33.835,0.273577,1.158893,4.318815
66.375000,-92.164,113.042,104.960,-45.977,45.687,104.960,4.324828e-07,-33.640,0.272799,1.158302,4.304721
66.750000,-97.780,108.071,104.810,-48.953,47.744,104.810,4.648211e-07,-33.327,0.262089,1.154495,4.277152
67.125000,-103.133,102.818,104.660,-54.130,53.061,104.660,5.194311e-07,-32.845,0.244033,1.151242,4.233715
67.500000,-108.208,97.296,104.511,-48.280,45.549,104.511,4.450637e-07,-33.516,0.267012,1.155150,4.292855
67.875000,-112.992,91.520,104.361,-47.469,42.698,104.361,4.141291e-07,-33.829,0.274374,1.157314,4.318543
68.250000,-117.472,85.505,104.211,-47.763,41.489,104.211,3.960867e-07,-34.022,0.276083,1.157493,4.332914
68.625000,-121.636,79.267,104.062,-48.576,39.670,104.062,3.739134e-07,-34.272,0.277705,1.157662,4.351210
69.000000,-125.472,72.822,103.912,-51.407,36.806,103.912,3.541457e-07,-34.508,0.275695,1.156470,4.366641
69.375000,-128.970,66.188,103.762,-57.495,31.834,103.762,3.459056e-07,-34.610,0.267549,1.153181,4.369520
69.750000,-132.120,59.381,103.613,-67.488,27.470,103.613,3.884040e-07,-34.107,0.248875,1.148461,4.324331
70.125000,-134.914,52.421,103.463,-74.694,27.045,103.463,4.456742e-07,-33.510,0.235057,1.148377,4.275065
70.500000,-137.343,45.326,103.314,-77.008,26.145,103.314,4.516907e-07,-33.452,0.231423,1.148742,4.269000
70.875000,-139.401,38.114,103.164,-73.503,25.198,103.164,3.825963e-07,-34.173,0.238041,1.147071,4.322954
71.250000,-141.083,30.804,103.014,-66.851,19.985,103.014,2.783654e-07,-35.554,0.255426,1.147680,4.428895
71.625000,-142.382,23.418,102.865,-59.649,3.998,102.865,2.267529e-07,-36.444,0.285196,1.157525,4.506715
72.000000,-143.297,15.974,102.715,-8.742,-62.853,102.715,2.197539e-07,-36.581,0.380018,1.151866,4.553006
72.375000,-143.823,8.492,102.565,-19.082,-58.302,102.565,2.242886e-07,-36.492,0.352100,1.154038,4.537101
72.750000,-143.958,0.994,102.416,-14.019,-60.198,102.416,2.048366e-07,-36.886,0.354686,1.152844,4.565499
73.125000,-143.704,-6.502,102.266,7.974,68.543,102.266,1.076316e-07,-39.681,0.394958,1.145597,4.774317
73.500000,-143.059,-13.974,102.116,15.455,69.514,102.116,1.124873e-07,-39.489,0.426325,1.144168,4.770697
73.875000,-142.025,-21.403,101.967,12.828,69.431,101.967,1.342710e-07,-38.720,0.433192,1.143886,4.718931
74.250000,-140.605,-28.767,101.817,-64.343,-28.854,101.817,2.818963e-07,-35.499,0.252930,1.143430,4.423300
74.625000,-138.802,-36.047,101.667,-73.353,-28.766,101.667,4.287057e-07,-33.678,0.234091,1.143182,4.285738
75.000000,-136.621,-43.223,101.518,-75.089,-29.541,101.518,4.953257e-07,-33.051,0.230179,1.143657,4.239685
75.375000,-134.067,-50.275,101.368,-70.592,-30.622,101.368,4.868897e-07,-33.126,0.236819,1.141742,4.248394
75.750000,-131.148,-57.183,101.219,-61.564,-33.163,101.219,4.344826e-07,-33.620,0.252046,1.141682,4.291127
76.125000,-127.871,-63.929,101.069,-51.488,-39.064,101.069,4.086852e-07,-33.886,0.266845,1.144677,4.317510
76.500000,-124.245,-70.494,100.919,-46.266,-42.447,100.919,4.289260e-07,-33.676,0.272708,1.146071,4.305805
76.875000,-120.279,-76.860,100.770,-45.547,-43.230,100.770,4.464298e-07,-33.502,0.271883,1.145507,4.293186
77.250000,-115.984,-83.009,100.620,-44.896,-43.901,100.620,4.775921e-07,-33.209,0.271163,1.144956,4.272266
77.625000,-111.372,-88.923,100.470,-44.229,-44.503,100.470,4.989584e-07,-33.019,0.270679,1.144457,4.258671
78.000000,-106.456,-94.586,100.321,-45.320,-45.520,100.321,5.080763e-07,-32.941,0.265580,1.142343,4.250447
78.375000,-101.248,-99.983,100.171,-50.977,-51.835,100.171,5.841371e-07,-32.335,0.243699,1.137684,4.196302
78.750000,-95.762,-105.098,100.021,-44.064,-46.792,100.021,5.049114e-07,-32.968,0.264788,1.141214,4.251829
79.125000,-90.015,-109.917,99.872,-41.728,-45.874,99.872,4.733999e-07,-33.248,0.271444,1.143070,4.274866
79.500000,-84.022,-114.426,99.722,-40.469,-46.356,99.722,4.466375e-07,-33.500,0.272821,1.143089,4.293219
79.875000,-77.799,-118.612,99.573,-38.775,-47.028,99.573,4.205456e-07,-33.762,0.274577,1.143267,4.312375
80.250000,-71.363,-122.463,99.423,-36.233,-49.038,99.423,3.949613e-07,-34.034,0.274210,1.142666,4.331213
80.625000,-64.733,-125.968,99.273,-31.308,-55.676,99.273,3.921535e-07,-34.065,0.264586,1.138845,4.328290
81.000000,-57.926,-129.118,99.124,-27.034,-65.631,99.124,4.378539e-07,-33.587,0.245889,1.134498,4.284732
81.375000,-50.962,-131.902,98.974,-26.693,-73.274,98.974,5.024111e-07,-32.989,0.231293,1.135279,4.235038
81.750000,-43.861,-134.314,98.824,-25.996,-75.399,98.824,4.861895e-07,-33.132,0.227928,1.135868,4.243174
82.125000,-36.641,-136.345,98.675,-23.153,-71.503,98.675,3.808617e-07,-34.192,0.236310,1.133333,4.321815
82.500000,-29.324,-137.990,98.525,-18.011,-62.853,98.525,2.705145e-07,-35.678,0.259029,1.134856,4.437954
82.875000,-21.929,-139.244,98.375,54.784,-22.799,98.375,2.577897e-07,-35.887,0.352543,1.140848,4.493446
83.250000,-14.479,-140.103,98.226,60.662,-8.235,98.226,2.411153e-07,-36.178,0.376752,1.137748,4.522073
83.625000,-6.993,-140.564,98.076,62.185,-1.083,98.076,2.183074e-07,-36.609,0.384250,1.136056,4.554656
84.000000,0.507,-140.626,97.927,58.742,-11.856,97.927,2.318982e-07,-36.347,0.353826,1.138245,4.525799
84.375000,7.999,-140.288,97.777,57.549,-13.202,97.777,2.220083e-07,-36.536,0.346305,1.138904,4.536325
84.750000,15.462,-139.551,97.627,48.255,-32.717,97.627,2.346730e-07,-36.295,0.307471,1.139434,4.504024
85.125000,22.876,-138.416,97.478,33.546,-52.052,97.478,2.737759e-07,-35.626,0.272613,1.134056,4.440878
85.500000,30.218,-136.887,97.328,28.319,-65.360,97.328,3.381030e-07,-34.710,0.243484,1.128606,4.361369
85.875000,37.468,-134.967,97.178,28.110,-73.543,97.178,4.950908e-07,-33.053,0.227637,1.130697,4.236897
86.250000,44.605,-132.662,97.029,29.211,-73.221,97.029,5.541068e-07,-32.564,0.227085,1.130353,4.202305
86.625000,51.609,-129.978,96.879,30.438,-65.873,96.879,4.937280e-07,-33.065,0.238855,1.127244,4.243604
87.000000,58.458,-126.923,96.729,35.077,-54.607,96.729,4.535341e-07,-33.434,0.257531,1.128639,4.279388
87.375000,65.133,-123.504,96.580,40.891,-45.518,96.580,4.406022e-07,-33.560,0.269506,1.131391,4.294422
87.750000,71.616,-119.732,96.430,41.698,-44.209,96.430,4.763802e-07,-33.220,0.270062,1.131282,4.270943
88.125000,77.886,-115.617,96.280,42.402,-43.619,96.280,5.165936e-07,-32.869,0.269052,1.130622,4.245742
88.500000,83.926,-111.171,96.131,43.177,-43.190,96.131,5.409774e-07,-32.668,0.267582,1.129764,4.230908
88.875000,89.718,-106.406,95.981,43.154,-43.218,95.981,5.664411e-07,-32.468,0.266870,1.129173,4.216510
89.250000,95.245,-101.337,95.832,46.568,-45.735,95.832,6.205409e-07,-32.072,0.254328,1.125109,4.182037
89.625000,100.490,-95.976,95.682,46.823,-45.087,95.682,6.206281e-07,-32.072,0.254725,1.124715,4.182152
90.000000,105.439,-90.341,95.532,44.325,-40.894,95.532,5.410059e-07,-32.668,0.268192,1.128270,4.231016
90.375000,110.077,-84.447,95.383,44.325,-40.173,95.383,5.054457e-07,-32.963,0.269631,1.128258,4.252381
90.750000,114.389,-78.310,95.233,44.456,-39.118,95.233,4.742900e-07,-33.240,0.271575,1.128424,4.272678
91.125000,118.363,-71.950,95.083,45.549,-37.227,95.083,4.367110e-07,-33.598,0.272719,1.128334,4.298310
91.500000,121.986,-65.383,94.934,49.923,-33.407,94.934,4.088001e-07,-33.885,0.268023,1.126155,4.315873
91.875000,125.249,-58.630,94.784,59.079,-27.974,94.784,4.365687e-07,-33.599,0.252131,1.121206,4.287357
92.250000,128.141,-51.711,94.634,69.148,-26.240,94.634,5.044936e-07,-32.971,0.232466,1.120618,4.232746
92.625000,130.654,-44.644,94.485,74.737,-26.338,94.485,5.606571e-07,-32.513,0.222755,1.123747,4.195461
93.000000,132.779,-37.451,94.335,71.762,-23.608,94.335,4.555875e-07,-33.414,0.229045,1.120535,4.261804
93.375000,134.510,-30.154,94.186,61.125,-17.962,94.186,3.011257e-07,-35.213,0.255614,1.119910,4.401907
93.750000,135.841,-22.773,94.036,3.893,60.522,94.036,2.865139e-07,-35.429,0.394066,1.121911,4.473656
94.125000,136.769,-15.331,93.886,6.735,58.966,93.886,2.722811e-07,-35.650,0.378451,1.122766,4.483977
94.500000,137.290,-7.849,93.737,0.505,60.190,93.737,2.462501e-07,-36.086,0.384115,1.121190,4.516279
94.875000,137.403,-0.350,93.587,-3.275,60.113,93.587,2.527211e-07,-35.974,0.385304,1.120573,4.508724
