Tiempo_s,Tx_X,Tx_Y,Tx_Z,Rx_X,Rx_Y,Rx_Z,psi_Rx_aire_deg,ang2_suelo_deg,T1,T2,Pot_dBm_diag,delta_xy_m_diag,delta_z_m_diag
0.000000,175.919,0.000,113.255,-231.000,0.000,113.255,63.8822,26.6023,0.984182,0.991191,-40.320,Inf,1.420149
0.375000,175.674,7.496,113.106,-230.494,-9.835,113.106,63.8829,26.6024,0.984197,0.991165,-40.414,Inf,1.419873
0.750000,175.111,14.975,112.956,-229.586,-19.633,112.956,63.8854,26.6030,0.984201,0.991129,-40.231,Inf,1.419625
1.125000,174.229,22.422,112.807,-228.275,-29.378,112.807,63.8892,26.6038,0.984193,0.991084,-40.040,Inf,1.419396
1.500000,173.029,29.826,112.657,-226.560,-39.053,112.657,63.8940,26.6049,0.984174,0.991030,-39.791,Inf,1.419183
1.875000,171.515,37.171,112.508,-224.452,-48.644,112.508,63.9005,26.6065,0.984145,0.990968,-39.449,Inf,1.418998
2.250000,169.689,44.445,112.358,-221.945,-58.132,112.358,63.9078,26.6082,0.984107,0.990898,-39.147,Inf,1.418824
2.625000,167.553,51.635,112.209,-219.043,-67.502,112.209,63.9159,26.6102,0.984062,0.990823,-38.857,Inf,1.418663
3.000000,165.111,58.726,112.059,-215.754,-76.738,112.059,63.9250,26.6124,0.984011,0.990743,-38.781,Inf,1.418516
3.375000,162.369,65.707,111.910,-212.076,-85.822,111.910,63.9343,26.6146,0.983957,0.990660,-38.752,Inf,1.418374
3.750000,159.330,72.563,111.761,-208.019,-94.738,111.761,63.9441,26.6170,0.983901,0.990576,-38.945,Inf,1.418239
4.125000,156.000,79.283,111.611,-203.582,-103.466,111.611,63.9534,26.6193,0.983846,0.990492,-38.925,Inf,1.418096
4.500000,152.385,85.855,111.462,-198.776,-111.992,111.462,63.9627,26.6215,0.983793,0.990411,-38.910,Inf,1.417952
4.875000,148.492,92.265,111.312,-193.605,-120.296,111.312,63.9713,26.6236,0.983746,0.990333,-38.785,Inf,1.417796
5.250000,144.328,98.503,111.163,-188.076,-128.360,111.163,63.9788,26.6254,0.983706,0.990262,-38.766,Inf,1.417622
5.625000,139.900,104.556,111.013,-182.203,-136.172,111.013,63.9856,26.6270,0.983675,0.990197,-38.562,Inf,1.417436
6.000000,135.216,110.413,110.864,-175.988,-143.707,110.864,63.9904,26.6281,0.983654,0.990142,-38.408,Inf,1.417218
6.375000,130.285,116.064,110.714,-169.452,-150.956,110.714,63.9942,26.6290,0.983646,0.990096,-38.215,Inf,1.416981
6.750000,125.115,121.498,110.565,-162.602,-157.900,110.565,63.9962,26.6294,0.983651,0.990061,-37.944,Inf,1.416716
7.125000,119.717,126.704,110.415,-155.451,-164.524,110.415,63.9962,26.6293,0.983669,0.990037,-38.023,Inf,1.416418
7.500000,114.100,131.674,110.266,-148.020,-170.818,110.266,63.9950,26.6288,0.983701,0.990024,-38.237,Inf,1.416099
7.875000,108.274,136.397,110.117,-140.319,-176.766,110.117,63.9917,26.6279,0.983746,0.990022,-38.458,Inf,1.415745
8.250000,102.250,140.865,109.967,-132.369,-182.358,109.967,63.9869,26.6266,0.983804,0.990030,-38.537,Inf,1.415367
8.625000,96.040,145.069,109.818,-124.187,-187.586,109.818,63.9808,26.6250,0.983873,0.990048,-38.667,Inf,1.414967
9.000000,89.654,149.002,109.668,-115.788,-192.436,109.668,63.9730,26.6229,0.983952,0.990074,-38.553,Inf,1.414538
9.375000,83.104,152.656,109.519,-107.194,-196.907,109.519,63.9645,26.6206,0.984039,0.990107,-38.468,Inf,1.414095
9.750000,76.403,156.024,109.369,-98.424,-200.993,109.369,63.9554,26.6182,0.984132,0.990144,-38.348,Inf,1.413644
10.125000,69.563,159.099,109.220,-89.496,-204.690,109.220,63.9461,26.6158,0.984228,0.990185,-38.463,Inf,1.413187
10.500000,62.596,161.876,109.070,-80.427,-207.989,109.070,63.9363,26.6132,0.984326,0.990226,-38.306,Inf,1.412722
10.875000,55.516,164.350,108.921,-71.236,-210.889,108.921,63.9265,26.6106,0.984422,0.990267,-38.482,Inf,1.412255
11.250000,48.335,166.516,108.771,-61.943,-213.395,108.771,63.9176,26.6082,0.984515,0.990305,-38.585,Inf,1.411804
11.625000,41.068,168.368,108.622,-52.563,-215.496,108.622,63.9091,26.6060,0.984601,0.990338,-38.817,Inf,1.411356
12.000000,33.727,169.905,108.473,-43.115,-217.199,108.473,63.9018,26.6040,0.984680,0.990365,-39.309,Inf,1.410928
12.375000,26.327,171.123,108.323,-33.616,-218.501,108.323,63.8955,26.6023,0.984749,0.990384,-39.520,Inf,1.410516
12.750000,18.880,172.019,108.174,-24.081,-219.402,108.174,63.8907,26.6010,0.984807,0.990394,-39.825,Inf,1.410127
13.125000,11.402,172.591,108.024,-14.528,-219.903,108.024,63.8875,26.6001,0.984852,0.990393,-39.905,Inf,1.409762
13.500000,3.907,172.839,107.875,-4.973,-220.007,107.875,63.8859,26.5996,0.984883,0.990381,-39.940,Inf,1.409425
13.875000,-3.593,172.761,107.725,4.569,-219.706,107.725,63.8854,26.5993,0.984901,0.990357,-39.888,Inf,1.409105
14.250000,-11.082,172.358,107.576,14.082,-219.016,107.576,63.8875,26.5997,0.984904,0.990322,-39.782,Inf,1.408825
14.625000,-18.546,171.631,107.426,23.549,-217.926,107.426,63.8907,26.6005,0.984893,0.990274,-39.617,Inf,1.408565
15.000000,-25.972,170.580,107.277,32.955,-216.442,107.277,63.8955,26.6016,0.984868,0.990216,-39.241,Inf,1.408330
15.375000,-33.345,169.207,107.127,42.285,-214.568,107.127,63.9021,26.6031,0.984831,0.990147,-38.904,Inf,1.408122
15.750000,-40.652,167.515,106.978,51.521,-212.302,106.978,63.9099,26.6050,0.984783,0.990068,-38.629,Inf,1.407935
16.125000,-47.878,165.507,106.829,60.648,-209.650,106.829,63.9189,26.6072,0.984725,0.989982,-38.271,Inf,1.407767
16.500000,-55.010,163.186,106.679,69.650,-206.615,106.679,63.9290,26.6096,0.984660,0.989889,-38.213,Inf,1.407617
16.875000,-62.034,160.557,106.530,78.508,-203.196,106.530,63.9396,26.6122,0.984589,0.989791,-38.096,Inf,1.407474
17.250000,-68.937,157.624,106.380,87.205,-199.395,106.380,63.9501,26.6147,0.984516,0.989692,-38.340,Inf,1.407331
17.625000,-75.705,154.394,106.231,95.726,-195.225,106.231,63.9612,26.6174,0.984442,0.989592,-38.233,Inf,1.407195
18.000000,-82.326,150.871,106.081,104.052,-190.685,106.081,63.9718,26.6200,0.984370,0.989494,-38.222,Inf,1.407050
18.375000,-88.787,147.063,105.932,112.165,-185.785,105.932,63.9819,26.6224,0.984304,0.989400,-38.263,Inf,1.406898
18.750000,-95.076,142.976,105.782,120.047,-180.528,105.782,63.9909,26.6246,0.984246,0.989313,-38.246,Inf,1.406727
19.125000,-101.180,138.619,105.633,127.681,-174.925,105.633,63.9987,26.6265,0.984197,0.989234,-38.168,Inf,1.406535
19.500000,-107.089,134.000,105.483,135.048,-168.985,105.483,64.0048,26.6279,0.984161,0.989165,-37.973,Inf,1.406313
19.875000,-112.789,129.126,105.334,142.133,-162.721,105.334,64.0093,26.6289,0.984139,0.989108,-37.596,Inf,1.406066
20.250000,-118.271,124.008,105.184,148.922,-156.145,105.184,64.0121,26.6295,0.984133,0.989064,-37.336,Inf,1.405788
20.625000,-123.524,118.655,105.035,155.395,-149.269,105.035,64.0125,26.6295,0.984142,0.989034,-37.336,Inf,1.405472
21.000000,-128.537,113.077,104.886,161.539,-142.109,104.886,64.0108,26.6290,0.984168,0.989018,-37.682,Inf,1.405118
21.375000,-133.302,107.285,104.736,167.344,-134.683,104.736,64.0073,26.6279,0.984210,0.989015,-37.896,Inf,1.404732
21.750000,-137.808,101.289,104.587,172.795,-127.005,104.587,64.0015,26.6264,0.984268,0.989025,-37.853,Inf,1.404309
22.125000,-142.047,95.102,104.437,177.885,-119.097,104.437,63.9942,26.6244,0.984339,0.989047,-37.929,Inf,1.403859
22.500000,-146.010,88.735,104.288,182.604,-110.975,104.288,63.9851,26.6220,0.984422,0.989079,-37.976,Inf,1.403380
22.875000,-149.690,82.200,104.138,186.951,-102.662,104.138,63.9755,26.6195,0.984515,0.989119,-37.868,Inf,1.402889
23.250000,-153.080,75.510,103.989,190.911,-94.171,103.989,63.9645,26.6165,0.984614,0.989166,-37.937,Inf,1.402373
23.625000,-156.173,68.678,103.839,194.486,-85.526,103.839,63.9531,26.6136,0.984718,0.989216,-37.867,Inf,1.401852
24.000000,-158.962,61.716,103.690,197.672,-76.745,103.690,63.9416,26.6105,0.984824,0.989268,-37.737,Inf,1.401326
24.375000,-161.442,54.638,103.540,200.466,-67.845,103.540,63.9302,26.6075,0.984928,0.989319,-37.821,Inf,1.400802
24.750000,-163.609,47.458,103.391,202.869,-58.846,103.391,63.9197,26.6047,0.985028,0.989366,-38.031,Inf,1.400291
25.125000,-165.458,40.189,103.242,204.877,-49.764,103.242,63.9099,26.6021,0.985120,0.989408,-38.447,Inf,1.399791
25.500000,-166.985,32.847,103.092,206.492,-40.618,103.092,63.9013,26.5998,0.985203,0.989441,-38.735,Inf,1.399311
25.875000,-168.187,25.444,102.943,207.713,-31.423,102.943,63.8940,26.5979,0.985274,0.989465,-38.934,Inf,1.398851
26.250000,-169.061,17.995,102.793,208.540,-22.197,102.793,63.8882,26.5963,0.985332,0.989477,-39.302,Inf,1.398416
26.625000,-169.606,10.515,102.644,208.974,-12.956,102.644,63.8842,26.5951,0.985374,0.989476,-39.243,Inf,1.398010
27.000000,-169.821,3.018,102.494,209.019,-3.715,102.494,63.8822,26.5945,0.985401,0.989462,-39.433,Inf,1.397636
27.375000,-169.704,-4.481,102.345,208.675,5.510,102.345,63.8822,26.5944,0.985410,0.989433,-43.573,Inf,1.397295
27.750000,-169.256,-11.967,102.195,207.942,14.703,102.195,63.8842,26.5948,0.985403,0.989390,-42.749,Inf,1.396988
28.125000,-168.478,-19.427,102.046,206.823,23.848,102.046,63.8882,26.5957,0.985378,0.989332,-42.324,Inf,1.396714
28.500000,-167.371,-26.844,101.896,205.317,32.930,101.896,63.8940,26.5970,0.985338,0.989261,-38.621,Inf,1.396469
28.875000,-165.937,-34.206,101.747,203.426,41.934,101.747,63.9013,26.5987,0.985284,0.989177,-38.355,Inf,1.396249
29.250000,-164.178,-41.497,101.598,201.155,50.843,101.598,63.9103,26.6009,0.985216,0.989082,-37.880,Inf,1.396058
29.625000,-162.099,-48.702,101.448,198.507,59.641,101.448,63.9209,26.6035,0.985137,0.988978,-37.658,Inf,1.395892
30.000000,-159.702,-55.809,101.299,195.479,68.311,101.299,63.9323,26.6062,0.985050,0.988866,-37.605,Inf,1.395739
30.375000,-156.993,-62.802,101.149,192.075,76.837,101.149,63.9441,26.6091,0.984957,0.988749,-37.530,Inf,1.395593
30.750000,-153.976,-69.669,101.000,188.303,85.200,101.000,63.9564,26.6121,0.984861,0.988630,-37.750,Inf,1.395455
31.125000,-150.658,-76.395,100.850,184.162,93.384,100.850,63.9685,26.6151,0.984766,0.988511,-37.642,Inf,1.395314
31.500000,-147.044,-82.966,100.701,179.662,101.371,100.701,63.9803,26.6179,0.984674,0.988395,-37.669,Inf,1.395167
31.875000,-143.142,-89.371,100.551,174.808,109.142,100.551,63.9914,26.6206,0.984590,0.988285,-37.642,Inf,1.395006
32.250000,-138.960,-95.597,100.402,169.606,116.680,100.402,64.0012,26.6230,0.984516,0.988185,-37.439,Inf,1.394823
32.625000,-134.504,-101.630,100.252,164.065,123.965,100.252,64.0093,26.6249,0.984455,0.988095,-37.236,Inf,1.394611
33.000000,-129.785,-107.459,100.103,158.194,130.981,100.103,64.0153,26.6263,0.984409,0.988019,-37.153,Inf,1.394363
33.375000,-124.812,-113.072,99.954,152.008,137.711,99.954,64.0194,26.6272,0.984381,0.987958,-36.889,Inf,1.394080
33.750000,-119.593,-118.458,99.804,145.518,144.138,99.804,64.0211,26.6275,0.984372,0.987913,-36.757,Inf,1.393756
34.125000,-114.139,-123.607,99.655,138.736,150.244,99.655,64.0199,26.6271,0.984382,0.987886,-36.959,Inf,1.393381
34.500000,-108.462,-128.507,99.505,131.685,156.022,99.505,64.0166,26.6261,0.984412,0.987875,-37.010,Inf,1.392970
34.875000,-102.571,-133.150,99.356,124.379,161.459,99.356,64.0113,26.6246,0.984461,0.987881,-37.148,Inf,1.392523
35.250000,-96.480,-137.525,99.206,116.833,166.537,99.206,64.0032,26.6225,0.984528,0.987903,-37.372,Inf,1.392027
35.625000,-90.199,-141.623,99.057,109.070,171.254,99.057,63.9934,26.6199,0.984610,0.987938,-37.442,Inf,1.391501
36.000000,-83.742,-145.438,98.907,101.110,175.603,98.907,63.9824,26.6169,0.984704,0.987984,-37.409,Inf,1.390952
36.375000,-77.120,-148.960,98.758,92.970,179.573,98.758,63.9698,26.6136,0.984809,0.988040,-37.318,Inf,1.390375
36.750000,-70.348,-152.182,98.608,84.671,183.167,98.608,63.9567,26.6102,0.984920,0.988101,-37.263,Inf,1.389789
37.125000,-63.438,-155.098,98.459,76.232,186.377,98.459,63.9433,26.6066,0.985034,0.988165,-37.117,Inf,1.389197
37.500000,-56.405,-157.703,98.310,67.671,189.201,98.310,63.9298,26.6031,0.985148,0.988229,-37.264,Inf,1.388600
37.875000,-49.262,-159.990,98.160,59.009,191.643,98.160,63.9172,26.5997,0.985257,0.988290,-37.299,Inf,1.388018
38.250000,-42.024,-161.954,98.011,50.261,193.695,98.011,63.9050,26.5965,0.985359,0.988345,-37.572,Inf,1.387444
38.625000,-34.706,-163.592,97.861,41.446,195.363,97.861,63.8945,26.5937,0.985451,0.988390,-38.025,Inf,1.386895
39.000000,-27.321,-164.901,97.712,32.580,196.645,97.712,63.8854,26.5913,0.985529,0.988425,-38.235,Inf,1.386371
39.375000,-19.885,-165.877,97.562,23.681,197.543,97.562,63.8781,26.5893,0.985592,0.988446,-38.659,Inf,1.385876
39.750000,-12.412,-166.518,97.413,14.763,198.052,97.413,63.8724,26.5877,0.985637,0.988451,-38.682,Inf,1.385407
40.125000,-4.919,-166.824,97.263,5.844,198.186,97.263,63.8696,26.5868,0.985663,0.988440,-38.992,Inf,1.384988
40.500000,2.581,-166.792,97.114,-3.063,197.933,97.114,63.8683,26.5864,0.985670,0.988412,-38.796,Inf,1.384595
40.875000,10.072,-166.423,96.964,-11.941,197.306,96.964,63.8700,26.5867,0.985656,0.988365,-38.445,Inf,1.384253
41.250000,17.538,-165.718,96.815,-20.775,196.298,96.815,63.8736,26.5875,0.985623,0.988302,-38.533,Inf,1.383941
41.625000,24.966,-164.677,96.666,-29.549,194.912,96.666,63.8794,26.5888,0.985570,0.988221,-38.034,Inf,1.383667
42.000000,32.339,-163.303,96.516,-38.249,193.150,96.516,63.8870,26.5906,0.985500,0.988124,-37.679,Inf,1.383424
42.375000,39.642,-161.599,96.367,-46.858,191.015,96.367,63.8965,26.5929,0.985413,0.988014,-37.512,Inf,1.383213
42.750000,46.861,-159.567,96.217,-55.362,188.511,96.217,63.9078,26.5956,0.985313,0.987891,-37.170,Inf,1.383034
43.125000,53.982,-157.212,96.068,-63.741,185.635,96.068,63.9201,26.5986,0.985203,0.987759,-37.052,Inf,1.382871
43.500000,60.989,-154.538,95.918,-71.981,182.390,95.918,63.9330,26.6018,0.985084,0.987620,-36.950,Inf,1.382717
43.875000,67.868,-151.550,95.769,-80.063,178.783,95.769,63.9466,26.6051,0.984963,0.987477,-37.050,Inf,1.382575
44.250000,74.605,-148.255,95.619,-87.972,174.818,95.619,63.9604,26.6084,0.984841,0.987335,-36.930,Inf,1.382437
44.625000,81.187,-144.659,95.470,-95.687,170.495,95.470,63.9733,26.6116,0.984723,0.987196,-37.136,Inf,1.382282
45.000000,87.599,-140.769,95.320,-103.191,165.826,95.320,63.9856,26.6146,0.984613,0.987065,-36.921,Inf,1.382115
45.375000,93.829,-136.594,95.171,-110.464,160.811,95.171,63.9962,26.6171,0.984516,0.986944,-36.708,Inf,1.381919
45.750000,99.863,-132.140,95.022,-117.488,155.462,95.022,64.0048,26.6191,0.984434,0.986837,-36.523,Inf,1.381686
46.125000,105.690,-127.418,94.872,-124.247,149.791,94.872,64.0113,26.6207,0.984370,0.986746,-36.493,Inf,1.381416
46.500000,111.297,-122.437,94.723,-130.722,143.807,94.723,64.0153,26.6215,0.984328,0.986675,-36.242,Inf,1.381102
46.875000,116.672,-117.207,94.573,-136.897,137.525,94.573,64.0166,26.6217,0.984308,0.986624,-36.066,Inf,1.380738
47.250000,121.805,-111.739,94.424,-142.757,130.959,94.424,64.0150,26.6212,0.984312,0.986594,-36.250,Inf,1.380324
47.625000,126.685,-106.044,94.274,-148.287,124.126,94.274,64.0105,26.6199,0.984339,0.986585,-36.422,Inf,1.379856
48.000000,131.301,-100.133,94.125,-153.475,117.043,94.125,64.0032,26.6179,0.984389,0.986596,-36.431,Inf,1.379338
48.375000,135.643,-94.018,93.975,-158.311,109.730,93.975,63.9934,26.6153,0.984460,0.986627,-36.540,Inf,1.378774
48.750000,139.704,-87.713,93.826,-162.789,102.207,93.826,63.9816,26.6121,0.984548,0.986674,-36.752,Inf,1.378174
49.125000,143.474,-81.229,93.676,-166.901,94.493,93.676,63.9680,26.6085,0.984651,0.986734,-36.667,Inf,1.377542
49.500000,146.945,-74.581,93.527,-170.643,86.609,93.527,63.9534,26.6047,0.984766,0.986805,-36.612,Inf,1.376889
49.875000,150.110,-67.782,93.377,-174.010,78.574,93.377,63.9380,26.6006,0.984887,0.986883,-36.559,Inf,1.376222
50.250000,152.962,-60.845,93.228,-177.002,70.408,93.228,63.9225,26.5965,0.985011,0.986963,-36.456,Inf,1.375550
50.625000,155.495,-53.786,93.079,-179.615,62.129,93.079,63.9071,26.5925,0.985132,0.987042,-36.630,Inf,1.374879
51.000000,157.704,-46.619,92.929,-181.850,53.757,92.929,63.8925,26.5886,0.985248,0.987116,-36.802,Inf,1.374221
51.375000,159.584,-39.359,92.780,-183.706,45.308,92.780,63.8789,26.5850,0.985354,0.987181,-37.230,Inf,1.373581
51.750000,161.131,-32.020,92.630,-185.186,36.800,92.630,63.8671,26.5818,0.985447,0.987234,-37.443,Inf,1.372970
52.125000,162.342,-24.619,92.481,-186.289,28.250,92.481,63.8570,26.5791,0.985523,0.987273,-37.769,Inf,1.372388
52.500000,163.213,-17.170,92.331,-187.017,19.674,92.331,63.8492,26.5770,0.985579,0.987294,-38.025,Inf,1.371846
52.875000,163.743,-9.689,92.182,-187.369,11.087,92.182,63.8434,26.5754,0.985614,0.987296,-37.835,Inf,1.371338
53.250000,163.930,-2.191,92.032,-187.349,2.504,92.032,63.8402,26.5744,0.985626,0.987277,-38.103,Inf,1.370874
53.625000,163.774,5.307,91.883,-186.961,-6.058,91.883,63.8399,26.5741,0.985615,0.987237,-38.247,Inf,1.370461
54.000000,163.276,12.790,91.733,-186.201,-14.586,91.733,63.8419,26.5745,0.985580,0.987175,-38.102,Inf,1.370089
54.375000,162.435,20.243,91.584,-185.069,-23.064,91.584,63.8459,26.5754,0.985521,0.987092,-37.931,Inf,1.369752
54.750000,161.254,27.649,91.435,-183.575,-31.476,91.435,63.8529,26.5770,0.985441,0.986989,-37.176,Inf,1.369466
55.125000,159.735,34.993,91.285,-181.713,-39.808,91.285,63.8618,26.5791,0.985339,0.986867,-36.967,Inf,1.369213
55.500000,157.881,42.260,91.136,-179.485,-48.043,91.136,63.8724,26.5817,0.985221,0.986728,-36.477,Inf,1.368989
55.875000,155.695,49.435,90.986,-176.900,-56.167,90.986,63.8850,26.5847,0.985087,0.986576,-36.327,Inf,1.368802
56.250000,153.182,56.501,90.837,-173.953,-64.162,90.837,63.8985,26.5880,0.984942,0.986414,-36.355,Inf,1.368630
56.625000,150.348,63.445,90.687,-170.648,-72.011,90.687,63.9127,26.5915,0.984790,0.986245,-36.312,Inf,1.368469
57.000000,147.197,70.251,90.538,-166.988,-79.696,90.538,63.9270,26.5950,0.984636,0.986074,-36.399,Inf,1.368310
57.375000,143.737,76.904,90.388,-162.981,-87.201,90.388,63.9413,26.5985,0.984485,0.985906,-36.352,Inf,1.368150
57.750000,139.975,83.392,90.239,-158.628,-94.506,90.239,63.9547,26.6017,0.984340,0.985744,-36.322,Inf,1.367973
58.125000,135.918,89.700,90.089,-153.936,-101.591,90.089,63.9665,26.6046,0.984208,0.985593,-36.115,Inf,1.367767
58.500000,131.574,95.814,89.940,-148.911,-108.439,89.940,63.9763,26.6069,0.984093,0.985458,-36.073,Inf,1.367524
58.875000,126.954,101.722,89.791,-143.567,-115.033,89.791,63.9841,26.6087,0.983998,0.985342,-35.911,Inf,1.367244
59.250000,122.067,107.411,89.641,-137.909,-121.350,89.641,63.9884,26.6097,0.983928,0.985248,-35.580,Inf,1.366900
59.625000,116.922,112.868,89.492,-131.955,-127.379,89.492,63.9901,26.6100,0.983884,0.985179,-35.327,Inf,1.366509
60.000000,111.531,118.082,89.342,-125.716,-133.099,89.342,63.9884,26.6094,0.983868,0.985137,-35.414,Inf,1.366053
60.375000,105.906,123.041,89.193,-119.212,-138.500,89.193,63.9836,26.6080,0.983881,0.985121,-35.656,Inf,1.365541
60.750000,100.057,127.736,89.043,-112.459,-143.569,89.043,63.9758,26.6058,0.983922,0.985130,-35.813,Inf,1.364973
61.125000,93.997,132.155,88.894,-105.475,-148.292,88.894,63.9649,26.6029,0.983988,0.985164,-35.914,Inf,1.364348
61.500000,87.740,136.289,88.744,-98.280,-152.662,88.744,63.9514,26.5993,0.984076,0.985219,-36.014,Inf,1.363673
61.875000,81.298,140.130,88.595,-90.898,-156.676,88.595,63.9363,26.5953,0.984183,0.985292,-35.973,Inf,1.362968
62.250000,74.685,143.668,88.445,-83.345,-160.327,88.445,63.9197,26.5909,0.984304,0.985378,-35.983,Inf,1.362234
62.625000,67.916,146.896,88.296,-75.644,-163.611,88.296,63.9021,26.5863,0.984434,0.985474,-35.909,Inf,1.361480
63.000000,61.004,149.808,88.147,-67.812,-166.526,88.147,63.8842,26.5815,0.984567,0.985573,-35.776,Inf,1.360720
63.375000,53.965,152.395,87.997,-59.871,-169.074,87.997,63.8668,26.5769,0.984700,0.985671,-35.798,Inf,1.359967
63.750000,46.813,154.654,87.848,-51.838,-171.254,87.848,63.8504,26.5726,0.984825,0.985764,-36.112,Inf,1.359232
64.125000,39.565,156.578,87.698,-43.729,-173.061,87.698,63.8349,26.5684,0.984939,0.985846,-36.557,Inf,1.358509
64.500000,32.234,158.164,87.549,-35.564,-174.500,87.549,63.8210,26.5647,0.985038,0.985914,-36.760,Inf,1.357816
64.875000,24.838,159.407,87.399,-27.357,-175.572,87.399,63.8092,26.5615,0.985117,0.985965,-37.111,Inf,1.357158
65.250000,17.393,160.306,87.250,-19.126,-176.279,87.250,63.7999,26.5590,0.985173,0.985994,-37.263,Inf,1.356544
65.625000,9.913,160.857,87.100,-10.885,-176.622,87.100,63.7930,26.5571,0.985204,0.986000,-37.753,Inf,1.355975
66.000000,2.416,161.060,86.951,-2.649,-176.602,86.951,63.7890,26.5559,0.985208,0.985980,-37.537,Inf,1.355455
66.375000,-5.082,160.913,86.801,5.566,-176.217,86.801,63.7873,26.5552,0.985184,0.985935,-37.517,Inf,1.354976
66.750000,-12.566,160.418,86.652,13.745,-175.473,86.652,63.7885,26.5554,0.985131,0.985863,-37.349,Inf,1.354550
67.125000,-20.018,159.574,86.503,21.874,-174.372,86.503,63.7926,26.5563,0.985052,0.985765,-37.183,Inf,1.354174
67.500000,-27.423,158.384,86.353,29.938,-172.909,86.353,63.7986,26.5576,0.984946,0.985642,-36.713,Inf,1.353833
67.875000,-34.764,156.850,86.204,37.921,-171.092,86.204,63.8072,26.5597,0.984815,0.985496,-36.308,Inf,1.353538
68.250000,-42.026,154.975,86.054,45.808,-168.921,86.054,63.8178,26.5622,0.984664,0.985331,-35.850,Inf,1.353279
68.625000,-49.192,152.763,85.905,53.583,-166.398,85.905,63.8301,26.5652,0.984495,0.985149,-35.656,Inf,1.353050
69.000000,-56.247,150.218,85.755,61.228,-163.522,85.755,63.8431,26.5683,0.984314,0.984954,-35.591,Inf,1.352835
69.375000,-63.175,147.347,85.606,68.729,-160.301,85.606,63.8573,26.5718,0.984124,0.984752,-35.547,Inf,1.352639
69.750000,-69.962,144.154,85.456,76.066,-156.733,85.456,63.8711,26.5751,0.983932,0.984547,-35.869,Inf,1.352437
70.125000,-76.591,140.648,85.307,83.223,-152.827,85.307,63.8850,26.5785,0.983743,0.984346,-35.687,Inf,1.352234
70.500000,-83.049,136.835,85.157,90.179,-148.582,85.157,63.8973,26.5815,0.983563,0.984153,-35.605,Inf,1.352001
70.875000,-89.322,132.724,85.008,96.918,-144.011,85.008,63.9083,26.5841,0.983399,0.983976,-35.381,Inf,1.351745
71.250000,-95.395,128.324,84.859,103.419,-139.117,84.859,63.9169,26.5861,0.983256,0.983818,-35.253,Inf,1.351441
71.625000,-101.255,123.643,84.709,109.666,-133.914,84.709,63.9229,26.5875,0.983138,0.983685,-35.029,Inf,1.351090
72.000000,-106.889,118.693,84.560,115.639,-128.409,84.560,63.9257,26.5880,0.983051,0.983581,-34.767,Inf,1.350677
72.375000,-112.284,113.484,84.410,121.321,-122.617,84.410,63.9250,26.5877,0.982996,0.983508,-34.562,Inf,1.350197
72.750000,-117.429,108.027,84.261,126.700,-116.555,84.261,63.9209,26.5865,0.982975,0.983468,-34.761,Inf,1.349654
73.125000,-122.312,102.334,84.111,131.758,-110.237,84.111,63.9131,26.5843,0.982988,0.983461,-35.001,Inf,1.349041
73.500000,-126.922,96.418,83.962,136.489,-103.686,83.962,63.9026,26.5814,0.983034,0.983486,-35.025,Inf,1.348373
73.875000,-131.248,90.292,83.812,140.879,-96.918,83.812,63.8887,26.5777,0.983109,0.983539,-35.255,Inf,1.347644
74.250000,-135.281,83.969,83.663,144.924,-89.955,83.663,63.8728,26.5734,0.983210,0.983617,-35.339,Inf,1.346874
74.625000,-139.012,77.463,83.513,148.619,-82.816,83.513,63.8553,26.5688,0.983330,0.983716,-35.491,Inf,1.346071
75.000000,-142.433,70.789,83.364,151.959,-75.523,83.364,63.8366,26.5638,0.983465,0.983828,-35.501,Inf,1.345246
75.375000,-145.535,63.961,83.214,154.938,-68.093,83.214,63.8170,26.5586,0.983608,0.983949,-35.226,Inf,1.344402
75.750000,-148.311,56.994,83.065,157.561,-60.548,83.065,63.7978,26.5535,0.983752,0.984072,-35.135,Inf,1.343565
76.125000,-150.756,49.904,82.916,159.823,-52.905,82.916,63.7792,26.5485,0.983891,0.984190,-35.228,Inf,1.342734
76.500000,-152.863,42.706,82.766,161.726,-45.182,82.766,63.7616,26.5438,0.984020,0.984299,-35.543,Inf,1.341922
76.875000,-154.628,35.417,82.617,163.271,-37.396,82.617,63.7457,26.5396,0.984132,0.984393,-35.905,Inf,1.341140
77.250000,-156.047,28.053,82.467,164.454,-29.564,82.467,63.7314,26.5357,0.984223,0.984467,-36.320,Inf,1.340386
77.625000,-157.115,20.629,82.318,165.282,-21.702,82.318,63.7196,26.5325,0.984289,0.984517,-36.565,Inf,1.339676
78.000000,-157.831,13.164,82.168,165.754,-13.825,82.168,63.7103,26.5299,0.984326,0.984539,-36.771,Inf,1.339012
78.375000,-158.193,5.673,82.019,165.871,-5.948,82.019,63.7034,26.5279,0.984333,0.984532,-36.999,Inf,1.338392
78.750000,-158.200,-1.827,81.869,165.635,1.913,81.869,63.6994,26.5267,0.984306,0.984494,-40.750,Inf,1.337823
79.125000,-157.852,-9.319,81.720,165.047,9.743,81.720,63.6981,26.5262,0.984247,0.984423,-40.211,Inf,1.337305
79.500000,-157.148,-16.785,81.570,164.107,17.529,81.570,63.6994,26.5263,0.984154,0.984320,-39.405,Inf,1.336833
79.875000,-156.091,-24.210,81.421,162.817,25.254,81.421,63.7029,26.5270,0.984030,0.984187,-39.077,Inf,1.336402
80.250000,-154.683,-31.577,81.272,161.179,32.903,81.272,63.7087,26.5283,0.983876,0.984024,-35.671,Inf,1.336012
80.625000,-152.927,-38.868,81.122,159.196,40.461,81.122,63.7165,26.5301,0.983695,0.983836,-35.314,Inf,1.335659
81.000000,-150.826,-46.068,80.973,156.868,47.913,80.973,63.7258,26.5323,0.983492,0.983626,-34.978,Inf,1.335333
81.375000,-148.386,-53.159,80.823,154.196,55.240,80.823,63.7359,26.5347,0.983272,0.983399,-34.844,Inf,1.335021
81.750000,-145.611,-60.126,80.674,151.186,62.429,80.674,63.7470,26.5374,0.983039,0.983160,-34.893,Inf,1.334726
82.125000,-142.507,-66.954,80.524,147.841,69.460,80.524,63.7580,26.5400,0.982802,0.982916,-35.031,Inf,1.334430
82.500000,-139.082,-73.626,80.375,144.164,76.316,80.375,63.7686,26.5425,0.982565,0.982674,-34.876,Inf,1.334124
82.875000,-135.343,-80.127,80.225,140.162,82.980,80.225,63.7782,26.5448,0.982338,0.982440,-34.768,Inf,1.333798
83.250000,-131.298,-86.443,80.076,135.839,89.432,80.076,63.7860,26.5466,0.982127,0.982223,-34.698,Inf,1.333436
83.625000,-126.957,-92.558,79.926,131.203,95.654,79.926,63.7913,26.5478,0.981939,0.982028,-34.552,Inf,1.333026
84.000000,-122.329,-98.459,79.777,126.270,101.632,79.777,63.7946,26.5484,0.981781,0.981864,-34.339,Inf,1.332576
84.375000,-117.424,-104.133,79.628,121.045,107.344,79.628,63.7946,26.5482,0.981659,0.981734,-34.047,Inf,1.332062
84.750000,-112.254,-109.566,79.478,115.544,112.777,79.478,63.7913,26.5471,0.981575,0.981642,-33.785,Inf,1.331485
85.125000,-106.830,-114.746,79.329,109.781,117.916,79.329,63.7848,26.5453,0.981532,0.981592,-34.032,Inf,1.330843
85.500000,-101.164,-119.660,79.179,103.775,122.748,79.179,63.7752,26.5426,0.981530,0.981583,-34.270,Inf,1.330141
85.875000,-95.270,-124.297,79.030,97.545,127.264,79.030,63.7628,26.5392,0.981568,0.981613,-34.300,Inf,1.329386
86.250000,-89.161,-128.647,78.880,91.105,131.453,78.880,63.7478,26.5351,0.981641,0.981679,-34.405,Inf,1.328575
86.625000,-82.851,-132.700,78.731,84.480,135.311,78.731,63.7311,26.5306,0.981745,0.981776,-34.555,Inf,1.327733
87.000000,-76.353,-136.445,78.581,77.686,138.828,78.581,63.7128,26.5257,0.981873,0.981898,-34.685,Inf,1.326856
87.375000,-69.683,-139.875,78.432,70.744,142.004,78.432,63.6936,26.5205,0.982018,0.982037,-34.677,Inf,1.325962
87.750000,-62.857,-142.981,78.282,63.673,144.837,78.282,63.6745,26.5154,0.982172,0.982186,-34.413,Inf,1.325067
88.125000,-55.889,-145.755,78.133,56.489,147.318,78.133,63.6549,26.5101,0.982327,0.982336,-34.367,Inf,1.324160
88.500000,-48.796,-148.191,77.984,49.212,149.455,77.984,63.6365,26.5052,0.982475,0.982481,-34.455,Inf,1.323274
88.875000,-41.594,-150.284,77.834,41.859,151.241,77.834,63.6191,26.5004,0.982610,0.982613,-34.800,Inf,1.322405
89.250000,-34.300,-152.028,77.685,34.446,152.676,77.685,63.6028,26.4960,0.982725,0.982726,-35.215,Inf,1.321555
89.625000,-26.931,-153.420,77.535,26.991,153.763,77.535,63.5884,26.4921,0.982814,0.982814,-35.774,Inf,1.320741
90.000000,-19.503,-154.455,77.386,19.509,154.504,77.386,63.5763,26.4887,0.982873,0.982873,-35.840,Inf,1.319967
90.375000,-12.033,-155.131,77.236,12.015,154.893,77.236,63.5657,26.4857,0.982897,0.982898,-36.117,Inf,1.319221
90.750000,-4.540,-155.446,77.087,4.525,154.935,77.087,63.5575,26.4834,0.982885,0.982886,-36.165,Inf,1.318518
91.125000,2.959,-155.400,76.937,-2.945,154.632,76.937,63.5514,26.4816,0.982835,0.982837,-36.281,Inf,1.317855
91.500000,10.448,-154.992,76.788,-10.380,153.986,76.788,63.5479,26.4804,0.982745,0.982749,-36.088,Inf,1.317238
91.875000,17.908,-154.223,76.638,-17.765,152.993,76.638,63.5458,26.4797,0.982617,0.982622,-35.795,Inf,1.316649
92.250000,25.323,-153.095,76.489,-25.085,151.657,76.489,63.5454,26.4793,0.982451,0.982458,-35.504,Inf,1.316088
92.625000,32.674,-151.610,76.340,-32.323,149.982,76.340,63.5466,26.4794,0.982251,0.982261,-34.808,Inf,1.315559
93.000000,39.945,-149.771,76.190,-39.463,147.967,76.190,63.5486,26.4797,0.982021,0.982033,-34.569,Inf,1.315043
93.375000,47.118,-147.583,76.041,-46.490,145.616,76.041,63.5514,26.4802,0.981764,0.981779,-34.114,Inf,1.314540
93.750000,54.177,-145.050,75.891,-53.385,142.929,75.891,63.5539,26.4807,0.981489,0.981506,-34.023,Inf,1.314030
94.125000,61.105,-142.179,75.742,-60.132,139.915,75.742,63.5564,26.4811,0.981200,0.981221,-34.203,Inf,1.313518
94.500000,67.886,-138.975,75.592,-66.714,136.576,75.592,63.5580,26.4812,0.980907,0.980931,-34.283,Inf,1.312986
94.875000,74.504,-135.446,75.443,-73.113,132.917,75.443,63.5580,26.4810,0.980618,0.980646,-34.126,Inf,1.312423
95.250000,80.943,-131.601,75.293,-79.312,128.949,75.293,63.5564,26.4804,0.980342,0.980374,-34.093,Inf,1.311827
95.625000,87.187,-127.447,75.144,-85.294,124.679,75.144,63.5527,26.4792,0.980088,0.980125,-33.727,Inf,1.311187
96.000000,93.223,-122.995,74.994,-91.046,120.123,74.994,63.5474,26.4776,0.979865,0.979907,-33.664,Inf,1.310516
96.375000,99.035,-118.256,74.845,-96.549,115.287,74.845,63.5396,26.4753,0.979680,0.979728,-33.429,Inf,1.309793
96.750000,104.610,-113.239,74.696,-101.795,110.191,74.696,63.5303,26.4727,0.979539,0.979595,-33.161,Inf,1.309039
97.125000,109.934,-107.957,74.546,-106.768,104.848,74.546,63.5192,26.4695,0.979447,0.979510,-33.049,Inf,1.308249
97.500000,114.995,-102.423,74.397,-111.462,99.275,74.397,63.5071,26.4661,0.979404,0.979477,-33.184,Inf,1.307436
97.875000,119.781,-96.648,74.247,-115.861,93.485,74.247,63.4932,26.4623,0.979411,0.979493,-33.345,Inf,1.306587
98.250000,124.280,-90.648,74.098,-119.963,87.499,74.098,63.4794,26.4585,0.979463,0.979556,-33.485,Inf,1.305736
98.625000,128.481,-84.435,73.948,-123.757,81.331,73.948,63.4648,26.4544,0.979554,0.979660,-33.613,Inf,1.304868
99.000000,132.374,-78.025,73.799,-127.235,74.996,73.799,63.4497,26.4502,0.979678,0.979797,-33.759,Inf,1.303988
99.375000,135.949,-71.432,73.649,-130.394,68.513,73.649,63.4349,26.4461,0.979826,0.979959,-33.609,Inf,1.303112
99.750000,139.199,-64.673,73.500,-133.227,61.898,73.500,63.4200,26.4420,0.979988,0.980136,-33.711,Inf,1.302231
100.125000,142.114,-57.763,73.350,-135.727,55.167,73.350,63.4052,26.4379,0.980154,0.980319,-33.510,Inf,1.301351
100.500000,144.688,-50.719,73.201,-137.895,48.338,73.201,63.3910,26.4339,0.980315,0.980497,-33.570,Inf,1.300481
100.875000,146.915,-43.557,73.051,-139.721,41.425,73.051,63.3767,26.4299,0.980463,0.980663,-33.915,Inf,1.299605
101.250000,148.789,-36.295,72.902,-141.206,34.446,72.902,63.3629,26.4261,0.980590,0.980808,-34.320,Inf,1.298736
101.625000,150.304,-28.951,72.753,-142.350,27.418,72.753,63.3498,26.4224,0.980688,0.980925,-34.755,Inf,1.297880
102.000000,151.459,-21.540,72.603,-143.152,20.359,72.603,63.3377,26.4190,0.980751,0.981008,-35.026,Inf,1.297040
102.375000,152.249,-14.082,72.454,-143.607,13.283,72.454,63.3258,26.4156,0.980776,0.981052,-35.323,Inf,1.296204
102.750000,152.672,-6.594,72.304,-143.722,6.208,72.304,63.3153,26.4126,0.980758,0.981053,-35.360,Inf,1.295390
